stream,hour_utc,rows,min_receive_ts_ns,max_receive_ts_ns,first_event_offset_s,last_event_offset_s,coverage_seconds,events_per_covered_second,is_full_hour
book_ticker,2026-08-28 04:00:00+00:00,1401,1787890448362601000,1787890462903910000,848.362601,862.90391,14.541309,96.34620927180627,False
trade,2026-08-28 04:00:00+00:00,294,1787890448951082000,1787890462700564000,848.951082,862.700564,13.749482,21.382623723570095,False
book_ticker,2026-08-28 06:00:00+00:00,123286,1787899130433342000,1787900399968924000,2330.433342,3599.968924,1269.535582,97.11110247558229,False
trade,2026-08-28 06:00:00+00:00,52082,1787899130629470000,1787900399670111000,2330.62947,3599.670111,1269.040641,41.04045080775313,False
book_ticker,2026-08-28 07:00:00+00:00,420918,1787900400008715000,1787903999987908000,0.008715,3599.987908,3599.979193,116.92234244532757,True
trade,2026-08-28 07:00:00+00:00,142139,1787900400071571000,1787903999596341000,0.071571,3599.596341,3599.52477,39.48826833604482,True
book_ticker,2026-08-28 08:00:00+00:00,335740,1787904000011164000,1787907599994962000,0.011164,3599.994962,3599.983798,93.26153083981184,True
trade,2026-08-28 08:00:00+00:00,119763,1787904000011478000,1787907599517136000,0.011478,3599.517136,3599.505658,33.27206882806906,True
book_ticker,2026-08-28 09:00:00+00:00,343446,1787907600036327000,1787911199998107000,0.036327,3599.998107,3599.96178,95.4026795251143,True
trade,2026-08-28 09:00:00+00:00,124282,1787907600166461000,1787911199880948000,0.166461,3599.880948,3599.714487,34.52551596767791,True
book_ticker,2026-08-28 10:00:00+00:00,331285,1787911200047515000,1787914503289074000,0.047515,3303.289074,3303.241559,100.29087915093042,False
trade,2026-08-28 10:00:00+00:00,116307,1787911200063555000,1787914503220074000,0.063555,3303.220074,3303.156519,35.210865525443175,False
book_ticker,2026-08-28 11:00:00+00:00,6686,1787915457590820000,1787917996754862000,657.59082,3196.754862,2539.164042,2.6331500798718386,False
trade,2026-08-28 11:00:00+00:00,1560,1787915457601957000,1787917996475910000,657.601957,3196.47591,2538.873953,0.6144456278172704,False
book_ticker,2026-08-28 12:00:00+00:00,2968,1787918944306579000,1787921755904649000,544.306579,3355.904649,2811.59807,1.0556274140563768,False
trade,2026-08-28 12:00:00+00:00,1022,1787918944462148000,1787921755902567000,544.462148,3355.902567,2811.440419,0.3635147282841991,False
book_ticker,2026-08-28 13:00:00+00:00,578585,1787922473489213000,1787925599999334000,473.489213,3599.999334,3126.510121,185.05777291868873,False
trade,2026-08-28 13:00:00+00:00,199756,1787922473503451000,1787925599973359000,473.503451,3599.973359,3126.469908,63.891867146670776,False
book_ticker,2026-08-28 14:00:00+00:00,1144163,1787925600001125000,1787929199990352000,0.001125,3599.990352,3599.989227,317.8240066438954,True
trade,2026-08-28 14:00:00+00:00,445330,1787925600046237000,1787929199982547000,0.046237,3599.982547,3599.93631,123.704966324807,True
book_ticker,2026-08-28 15:00:00+00:00,932652,1787929200000266000,1787932799981824000,0.000266,3599.981824,3599.981558,259.07132716483767,True
trade,2026-08-28 15:00:00+00:00,307155,1787929200016132000,1787932799794094000,0.016132,3599.794094,3599.777962,85.32609600991829,True
book_ticker,2026-08-28 16:00:00+00:00,1164954,1787932800030927000,1787935924052917000,0.030927,3124.052917,3124.02199,372.90198459838626,False
trade,2026-08-28 16:00:00+00:00,477770,1787932800070658000,1787935923818139000,0.070658,3123.818139,3123.747481,152.94770236903153,False
book_ticker,2026-08-28 17:00:00+00:00,36720,1787936865572226000,1787939818577469000,465.572226,3418.577469,2953.005243,12.434789977783998,False
trade,2026-08-28 17:00:00+00:00,11685,1787936865695450000,1787939818431682000,465.69545,3418.431682,2952.736232,3.957346366859632,False
book_ticker,2026-08-28 18:00:00+00:00,16232,1787940760022428000,1787942742336445000,760.022428,2742.336445,1982.314017,8.188410040385644,False
trade,2026-08-28 18:00:00+00:00,5992,1787940760631044000,1787942742188650000,760.631044,2742.18865,1981.557606,3.023883828487598,False
book_ticker,2026-08-28 19:00:00+00:00,20394,1787943670414567000,1787946616462992000,70.414567,3016.462992,2946.048425,6.922493135868939,False
trade,2026-08-28 19:00:00+00:00,6348,1787943670615633000,1787946616462101000,70.615633,3016.462101,2945.846468,2.1548984541308416,False
book_ticker,2026-08-28 20:00:00+00:00,13064,1787947545451640000,1787950453339708000,345.45164,3253.339708,2907.888068,4.492607588223027,False
trade,2026-08-28 20:00:00+00:00,4778,1787947545841084000,1787950451943137000,345.841084,3251.943137,2906.102053,1.6441267074800832,False
book_ticker,2026-08-28 21:00:00+00:00,6114,1787951389861332000,1787953978328683000,589.861332,3178.328683,2588.467351,2.3620154983364907,False
trade,2026-08-28 21:00:00+00:00,2148,1787951389934039000,1787953978181251000,589.934039,3178.181251,2588.247212,0.8299052694971085,False
book_ticker,2026-08-28 22:00:00+00:00,15820,1787954915035458000,1787957929877485000,515.035458,3529.877485,3014.842027,5.247372783821153,False
trade,2026-08-28 22:00:00+00:00,5776,1787954915035044000,1787957929646123000,515.035044,3529.646123,3014.611079,1.9160017158551683,False
book_ticker,2026-08-29 14:00:00+00:00,274582,1788012047795995000,1788015599994783000,47.795995,3599.994783,3552.198788,77.29916493626145,True
trade,2026-08-29 14:00:00+00:00,100642,1788012047796451000,1788015599750983000,47.796451,3599.750983,3551.954532,28.33425909405757,True
book_ticker,2026-08-29 15:00:00+00:00,130365,1788015600015615000,1788017249925689000,0.015615,1649.925689,1649.910074,79.01339718712453,False
trade,2026-08-29 15:00:00+00:00,45439,1788015600079648000,1788017248574138000,0.079648,1648.574138,1648.49449,27.563938051136585,False
book_ticker,2026-08-29 17:00:00+00:00,234,1788023527029323000,1788025569976685000,727.029323,2769.976685,2042.947362,0.11454039607311232,False
trade,2026-08-29 17:00:00+00:00,18,1788023527554496000,1788025569975666000,727.554496,2769.975666,2042.42117,0.00881306963734615,False
book_ticker,2026-08-29 18:00:00+00:00,126,1788028373458135000,1788028376498166000,1973.458135,1976.498166,3.040031,41.446945771276674,False
trade,2026-08-29 18:00:00+00:00,4,1788028373489301000,1788028376026725000,1973.489301,1976.026725,2.537424,1.576401894204516,False
book_ticker,2026-08-29 19:00:00+00:00,98,1788031205084476000,1788031207198723000,1205.084476,1207.198723,2.114247,46.352200097718004,False
trade,2026-08-29 19:00:00+00:00,14,1788031205084628000,1788031206737492000,1205.084628,1206.737492,1.652864,8.470146364129171,False
book_ticker,2026-08-29 20:00:00+00:00,66,1788034080382770000,1788036095119329000,480.38277,2495.119329,2014.736559,0.032758625292806834,False
trade,2026-08-29 20:00:00+00:00,7,1788034080379700000,1788034082635523000,480.3797,482.635523,2.255823,3.103080339193279,False
book_ticker,2026-08-29 21:00:00+00:00,116,1788037286936073000,1788038733030844000,86.936073,1533.030844,1446.094771,0.08021604276999353,False
trade,2026-08-29 21:00:00+00:00,11,1788038727532594000,1788038732664146000,1527.532594,1532.664146,5.131552,2.1436010002432013,False
book_ticker,2026-08-29 22:00:00+00:00,24,1788041648083730000,1788041651095061000,848.08373,851.095061,3.011331,7.969897696400694,False
trade,2026-08-29 22:00:00+00:00,2,1788041648753373000,1788041651094937000,848.753373,851.094937,2.341564,0.854129974666505,False
book_ticker,2026-08-29 23:00:00+00:00,1232,1788044678618484000,1788047077237334000,278.618484,2677.237334,2398.61885,0.5136289160739315,False
trade,2026-08-29 23:00:00+00:00,744,1788044678617707000,1788047076503865000,278.617707,2676.503865,2397.886158,0.31027327861992693,False
book_ticker,2026-08-30 00:00:00+00:00,58643,1788049316908051000,1788051179740093000,1316.908051,3179.740093,1862.832042,31.480562218072475,False
trade,2026-08-30 00:00:00+00:00,18607,1788049316908443000,1788051179036545000,1316.908443,3179.036545,1862.128102,9.99233080689526,False
book_ticker,2026-08-30 02:00:00+00:00,4622,1788058673737849000,1788058799896766000,3473.737849,3599.896766,126.158917,36.63633225386676,False
trade,2026-08-30 02:00:00+00:00,1694,1788058674104977000,1788058799896786000,3474.104977,3599.896786,125.791809,13.466695593828371,False
book_ticker,2026-08-30 03:00:00+00:00,103228,1788058800173063000,1788061443719763000,0.173063,2643.719763,2643.5467,39.04905481715152,False
trade,2026-08-30 03:00:00+00:00,39582,1788058800173001000,1788061443320719000,0.173001,2643.320719,2643.147718,14.97532647549137,False
book_ticker,2026-08-30 07:00:00+00:00,26133,1788076180747205000,1788076799712500000,2980.747205,3599.7125,618.965295,42.220460841831205,False
trade,2026-08-30 07:00:00+00:00,2896,1788076180744041000,1788076799213120000,2980.744041,3599.21312,618.469079,4.6825299733376005,False
book_ticker,2026-08-30 08:00:00+00:00,37000,1788076800040240000,1788077704466413000,0.04024,904.466413,904.426173,40.90991736480851,False
trade,2026-08-30 08:00:00+00:00,9607,1788076800040277000,1788077703870075000,0.040277,903.870075,903.829798,10.629213621036204,False
book_ticker,2026-08-30 10:00:00+00:00,82865,1788085014623864000,1788087599727268000,1014.623864,3599.727268,2585.103404,32.05481060130158,False
trade,2026-08-30 10:00:00+00:00,27337,1788085014973201000,1788087599727416000,1014.973201,3599.727416,2584.754215,10.576247382190651,False
book_ticker,2026-08-30 11:00:00+00:00,4466,1788087600054530000,1788087792793075000,0.05453,192.793075,192.738545,23.171286262433913,False
trade,2026-08-30 11:00:00+00:00,2150,1788087600054651000,1788087793149636000,0.054651,193.149636,193.094985,11.134416567058953,False
book_ticker,2026-08-30 12:00:00+00:00,338474,1788091807566311000,1788094799998643000,607.566311,3599.998643,2992.432332,113.10999295806299,False
trade,2026-08-30 12:00:00+00:00,125811,1788091807657162000,1788094799930676000,607.657162,3599.930676,2992.273514,42.04528744159449,False
book_ticker,2026-08-30 13:00:00+00:00,336498,1788094800000628000,1788098399947981000,0.000628,3599.947981,3599.947353,93.47303363188934,True
trade,2026-08-30 13:00:00+00:00,122164,1788094800033792000,1788098399946419000,0.033792,3599.946419,3599.912627,33.93526806282679,True
book_ticker,2026-08-30 14:00:00+00:00,208014,1788098400057864000,1788101103634931000,0.057864,2703.634931,2703.577067,76.94028867866558,False
trade,2026-08-30 14:00:00+00:00,74885,1788098400391180000,1788101103616055000,0.39118,2703.616055,2703.224875,27.702097850812358,False
book_ticker,2026-08-30 15:00:00+00:00,15186,1788102013590780000,1788104901750397000,13.59078,2901.750397,2888.159617,5.258019643586755,False
trade,2026-08-30 15:00:00+00:00,5965,1788102013711151000,1788104901348917000,13.711151,2901.348917,2887.637766,2.0657023087292594,False
book_ticker,2026-08-30 16:00:00+00:00,23679,1788105837447972000,1788108403822346000,237.447972,2803.822346,2566.374374,9.226635147191507,False
trade,2026-08-30 16:00:00+00:00,7983,1788105837448205000,1788108403822304000,237.448205,2803.822304,2566.374099,3.1106143111055453,False
book_ticker,2026-08-30 17:00:00+00:00,21592,1788109343932836000,1788112414869354000,143.932836,3214.869354,3070.936518,7.031079891570719,False
trade,2026-08-30 17:00:00+00:00,7399,1788109344093467000,1788112414628487000,144.093467,3214.628487,3070.53502,2.409677776611061,False
book_ticker,2026-08-30 18:00:00+00:00,8799,1788113356574794000,1788116318657362000,556.574794,3518.657362,2962.082568,2.9705451478825897,False
trade,2026-08-30 18:00:00+00:00,3333,1788113356574137000,1788116318657862000,556.574137,3518.657862,2962.083725,1.1252214013633257,False
book_ticker,2026-08-30 19:00:00+00:00,10294,1788117260434757000,1788119250680291000,860.434757,2850.680291,1990.245534,5.1722261520723505,False
trade,2026-08-30 19:00:00+00:00,3384,1788117260433740000,1788119249309944000,860.43374,2849.309944,1988.876204,1.7014633656907086,False
book_ticker,2026-08-30 20:00:00+00:00,15864,1788120180436673000,1788123566953425000,180.436673,3566.953425,3386.516752,4.684459331444642,False
trade,2026-08-30 20:00:00+00:00,5616,1788120181665404000,1788123566953385000,181.665404,3566.953385,3385.287981,1.658943059355635,False
book_ticker,2026-08-30 21:00:00+00:00,9131,1788124508620665000,1788126480215659000,908.620665,2880.215659,1971.594994,4.631275707124259,False
trade,2026-08-30 21:00:00+00:00,2474,1788124509055241000,1788126480069133000,909.055241,2880.069133,1971.013892,1.255191559045592,False
book_ticker,2026-08-30 22:00:00+00:00,19798,1788127421897745000,1788129876317208000,221.897745,2676.317208,2454.419463,8.066265892383855,False
trade,2026-08-30 22:00:00+00:00,6502,1788127422464282000,1788129875379483000,222.464282,2675.379483,2452.915201,2.650723513535762,False
book_ticker,2026-08-30 23:00:00+00:00,109076,1788130811095349000,1788134399982244000,11.095349,3599.982244,3588.886895,30.392710383813863,True
trade,2026-08-30 23:00:00+00:00,42731,1788130811218520000,1788134399961008000,11.21852,3599.961008,3588.742488,11.906956306528953,True
book_ticker,2026-08-31 00:00:00+00:00,500073,1788134400023895000,1788137534396712000,0.023895,3134.396712,3134.372817,159.54483694081884,False
trade,2026-08-31 00:00:00+00:00,194360,1788134400067998000,1788137534396643000,0.067998,3134.396643,3134.328645,62.01008956417204,False
book_ticker,2026-08-31 12:00:00+00:00,91971,1788180573660132000,1788181199989064000,2973.660132,3599.989064,626.328932,146.84137248189583,False
trade,2026-08-31 12:00:00+00:00,35606,1788180573672183000,1788181199989403000,2973.672183,3599.989403,626.31722,56.849786119564136,False
book_ticker,2026-08-31 13:00:00+00:00,518638,1788181200001256000,1788184263852498000,0.001256,3063.852498,3063.851242,169.2764951804406,False
trade,2026-08-31 13:00:00+00:00,200035,1788181200156023000,1788184263230942000,0.156023,3063.230942,3063.074919,65.305291346026,False
book_ticker,2026-08-31 14:00:00+00:00,20092,1788187415628191000,1788187459933362000,2615.628191,2659.933362,44.305171,453.49108346743543,False
trade,2026-08-31 14:00:00+00:00,8243,1788187415857983000,1788187459933314000,2615.857983,2659.933314,44.075331,187.02071687221135,False
book_ticker,2026-08-31 15:00:00+00:00,17023,1788189061091929000,1788191385785083000,661.091929,2985.785083,2324.693154,7.322686854697039,False
trade,2026-08-31 15:00:00+00:00,6783,1788189061094789000,1788191385648721000,661.094789,2985.648721,2324.553932,2.9179791901683445,False
book_ticker,2026-08-31 16:00:00+00:00,6930,1788195001558108000,1788195045910817000,3001.558108,3045.910817,44.352709,156.24750226643428,False
trade,2026-08-31 16:00:00+00:00,2388,1788195001581078000,1788195045750687000,3001.581078,3045.750687,44.169609,54.06432282432022,False
book_ticker,2026-08-31 17:00:00+00:00,5792,1788196123463057000,1788196803942849000,523.463057,1203.942849,680.479792,8.511641444893929,False
trade,2026-08-31 17:00:00+00:00,2346,1788196123560575000,1788196803933749000,523.560575,1203.933749,680.373174,3.44810772918569,False
book_ticker,2026-08-31 18:00:00+00:00,5354,1788199594385881000,1788202530395872000,394.385881,3330.395872,2936.009991,1.8235632768321872,False
trade,2026-08-31 18:00:00+00:00,2586,1788199594444376000,1788202530395914000,394.444376,3330.395914,2935.951538,0.8808047294137592,False
book_ticker,2026-08-31 19:00:00+00:00,971,1788203588574215000,1788205696985946000,788.574215,2896.985946,2108.411731,0.46053623479862904,False
trade,2026-08-31 19:00:00+00:00,224,1788203588894778000,1788205696986556000,788.894778,2896.986556,2108.091778,0.10625723336035894,False
book_ticker,2026-08-31 20:00:00+00:00,1357,1788208695497675000,1788209227836945000,2295.497675,2827.836945,532.33927,2.5491262367324503,False
trade,2026-08-31 20:00:00+00:00,432,1788208695722227000,1788209227664364000,2295.722227,2827.664364,531.942137,0.8121184052768506,False
book_ticker,2026-08-31 21:00:00+00:00,1306,1788211736137682000,1788212857052611000,1736.137682,2857.052611,1120.914929,1.1651196412961684,False
trade,2026-08-31 21:00:00+00:00,313,1788211736138085000,1788212857052484000,1736.138085,2857.052484,1120.914399,0.2792363094623785,False
book_ticker,2026-08-31 22:00:00+00:00,3725,1788213934628469000,1788216487553728000,334.628469,2887.553728,2552.925259,1.4591104799750818,False
trade,2026-08-31 22:00:00+00:00,1655,1788213934746386000,1788216487553686000,334.746386,2887.553686,2552.8073,0.6483058866213678,False
book_ticker,2026-08-31 23:00:00+00:00,3146,1788218185803281000,1788220147028777000,985.803281,2947.028777,1961.225496,1.6040990729604507,False
trade,2026-08-31 23:00:00+00:00,1133,1788218186069899000,1788220147028723000,986.069899,2947.028723,1960.958824,0.5777785775679296,False
book_ticker,2026-09-01 00:00:00+00:00,8870,1788221177323267000,1788224344294074000,377.323267,3544.294074,3166.970807,2.8007836322313153,False
trade,2026-09-01 00:00:00+00:00,3204,1788221177323103000,1788224343561744000,377.323103,3543.561744,3166.238641,1.0119262517079488,False
book_ticker,2026-09-01 23:00:00+00:00,12070,1788304962339109000,1788307107659705000,1362.339109,3507.659705,2145.320596,5.626198724099696,False
trade,2026-09-01 23:00:00+00:00,4189,1788304963444532000,1788307103965523000,1363.444532,3503.965523,2140.520991,1.9570001965002923,False
book_ticker,2026-09-02 00:00:00+00:00,9246,1788308045265737000,1788310025372553000,845.265737,2825.372553,1980.106816,4.6694450649272445,False
trade,2026-09-02 00:00:00+00:00,3352,1788308046388985000,1788310024281253000,846.388985,2824.281253,1977.892268,1.6947333554165043,False
book_ticker,2026-09-02 01:00:00+00:00,17341,1788310967616971000,1788314380682577000,167.616971,3580.682577,3413.065606,5.080769607685062,False
trade,2026-09-02 01:00:00+00:00,5765,1788310968136707000,1788314379547703000,168.136707,3579.547703,3411.410996,1.6899165790224826,False
book_ticker,2026-09-02 02:00:00+00:00,16586,1788315316017405000,1788317070466838000,916.017405,2670.466838,1754.449433,9.453677996087334,False
trade,2026-09-02 02:00:00+00:00,6212,1788315316017352000,1788317070390418000,916.017352,2670.390418,1754.373066,3.5408660337926094,False
book_ticker,2026-09-02 03:00:00+00:00,15904,1788318012886733000,1788320744839111000,12.886733,2744.839111,2731.952378,5.82147775637398,False
trade,2026-09-02 03:00:00+00:00,7068,1788318012886836000,1788320744786529000,12.886836,2744.786529,2731.899693,2.587210657152045,False
book_ticker,2026-09-02 04:00:00+00:00,11367,1788321687250365000,1788324391532469000,87.250365,2791.532469,2704.282104,4.203333662263514,False
trade,2026-09-02 04:00:00+00:00,5246,1788321687248461000,1788324391485602000,87.248461,2791.485602,2704.237141,1.9399186263894301,False
book_ticker,2026-09-02 05:00:00+00:00,16665,1788325333888289000,1788328051669599000,133.888289,2851.669599,2717.78131,6.131839945576784,False
trade,2026-09-02 05:00:00+00:00,6518,1788325334162287000,1788328051388539000,134.162287,2851.388539,2717.226252,2.3987696995060537,False
book_ticker,2026-09-02 06:00:00+00:00,11564,1788329009089366000,1788331711767295000,209.089366,2911.767295,2702.677929,4.278719219895624,False
trade,2026-09-02 06:00:00+00:00,3439,1788329009747559000,1788331711353238000,209.747559,2911.353238,2701.605679,1.2729466874947297,False
book_ticker,2026-09-02 07:00:00+00:00,15206,1788332657266887000,1788335372524186000,257.266887,2972.524186,2715.257299,5.600205919932599,False
trade,2026-09-02 07:00:00+00:00,6129,1788332657365801000,1788335372507335000,257.365801,2972.507335,2715.141534,2.2573408874824423,False
book_ticker,2026-09-02 08:00:00+00:00,14599,1788336313602369000,1788339032660824000,313.602369,3032.660824,2719.058455,5.369137972430975,False
trade,2026-09-02 08:00:00+00:00,5041,1788336314030610000,1788339032584130000,314.03061,3032.58413,2718.55352,1.8542949266637945,False
book_ticker,2026-09-02 09:00:00+00:00,20219,1788339974322014000,1788342692564408000,374.322014,3092.564408,2718.242394,7.438262328859845,False
trade,2026-09-02 09:00:00+00:00,8327,1788339974375633000,1788342692527493000,374.375633,3092.527493,2718.15186,3.0634785798906763,False
book_ticker,2026-09-02 10:00:00+00:00,21059,1788343634863569000,1788346351759230000,434.863569,3151.75923,2716.895661,7.751125780166646,False
trade,2026-09-02 10:00:00+00:00,6988,1788343634880393000,1788346351666650000,434.880393,3151.66665,2716.786257,2.572156709787125,False
book_ticker,2026-09-02 11:00:00+00:00,12654,1788347294013235000,1788350013355141000,494.013235,3213.355141,2719.341906,4.653331738859321,False
trade,2026-09-02 11:00:00+00:00,3616,1788347294034140000,1788350013257521000,494.03414,3213.257521,2719.223381,1.3297914490093157,False
book_ticker,2026-09-02 12:00:00+00:00,12195,1788350955137148000,1788353684512223000,555.137148,3284.512223,2729.375075,4.468055750820543,False
trade,2026-09-02 12:00:00+00:00,3566,1788350955454311000,1788353684266262000,555.454311,3284.266262,2728.811951,1.3067958012618657,False
book_ticker,2026-09-02 13:00:00+00:00,31134,1788354626924703000,1788357335218285000,626.924703,3335.218285,2708.293582,11.49579949785518,False
trade,2026-09-02 13:00:00+00:00,12361,1788354627536005000,1788357335218357000,627.536005,3335.218357,2707.682352,4.565158830713537,False
book_ticker,2026-09-02 14:00:00+00:00,27218,1788358274521916000,1788360996365550000,674.521916,3396.36555,2721.843634,9.999839689541844,False
trade,2026-09-02 14:00:00+00:00,7745,1788358275411158000,1788360996365748000,675.411158,3396.365748,2720.95459,2.846427510574515,False
book_ticker,2026-09-02 15:00:00+00:00,18305,1788361938847001000,1788364657408862000,738.847001,3457.408862,2718.561861,6.7333395140277075,False
trade,2026-09-02 15:00:00+00:00,5482,1788361938846921000,1788364654993593000,738.846921,3454.993593,2716.146672,2.0183004314577015,False
book_ticker,2026-09-02 16:00:00+00:00,16232,1788365604310060000,1788368319169503000,804.31006,3519.169503,2714.859443,5.9789467340022435,False
trade,2026-09-02 16:00:00+00:00,5772,1788365604452970000,1788368317944495000,804.45297,3517.944495,2713.491525,2.1271487111057037,False
book_ticker,2026-09-02 17:00:00+00:00,9521,1788369280037774000,1788371261409003000,880.037774,2861.409003,1981.371229,4.8052580256781345,False
trade,2026-09-02 17:00:00+00:00,3314,1788369280804704000,1788371260590721000,880.804704,2860.590721,1979.786017,1.6739182778054746,False
book_ticker,2026-09-02 18:00:00+00:00,11792,1788372204592557000,1788375152462743000,204.592557,3152.462743,2947.870186,4.0001761461554395,False
trade,2026-09-02 18:00:00+00:00,4195,1788372204680179000,1788375152326672000,204.680179,3152.326672,2947.646493,1.423169301326392,False
book_ticker,2026-09-02 19:00:00+00:00,8328,1788376112192894000,1788379071068187000,512.192894,3471.068187,2958.875293,2.814582966609671,False
trade,2026-09-02 19:00:00+00:00,2077,1788376113180747000,1788379070403605000,513.180747,3470.403605,2957.222858,0.7023481488320079,False
book_ticker,2026-09-02 20:00:00+00:00,9131,1788380013647561000,1788381235624323000,813.647561,2035.624323,1221.976762,7.4723188557656055,False
trade,2026-09-02 20:00:00+00:00,3336,1788380013800765000,1788381235553160000,813.800765,2035.55316,1221.752395,2.730504162424826,False
book_ticker,2026-09-02 21:00:00+00:00,7531,1788383139093759000,1788386092242505000,339.093759,3292.242505,2953.148746,2.5501593884157168,False
trade,2026-09-02 21:00:00+00:00,3694,1788383139105277000,1788386092085483000,339.105277,3292.085483,2952.980206,1.2509396414152598,False
book_ticker,2026-09-02 22:00:00+00:00,4856,1788387033911218000,1788389265356948000,633.911218,2865.356948,2231.44573,2.1761676453587784,False
trade,2026-09-02 22:00:00+00:00,1275,1788387034425283000,1788389265356923000,634.425283,2865.356923,2230.93164,0.5715101158366287,False
book_ticker,2026-09-02 23:00:00+00:00,8658,1788390207689063000,1788393145871475000,207.689063,3145.871475,2938.182412,2.946719701485981,False
trade,2026-09-02 23:00:00+00:00,2400,1788390209080686000,1788393144126387000,209.080686,3144.126387,2935.045701,0.8177044736244807,False
book_ticker,2026-09-03 00:00:00+00:00,12147,1788394083409875000,1788396788475938000,483.409875,3188.475938,2705.066063,4.490463344369715,False
trade,2026-09-03 00:00:00+00:00,4530,1788394083467069000,1788396788409954000,483.467069,3188.409954,2704.942885,1.6747118858297076,False
book_ticker,2026-09-03 15:00:00+00:00,503262,1788449531554226000,1788451199993998000,1931.554226,3599.993998,1668.439772,301.6363002403901,False
trade,2026-09-03 15:00:00+00:00,180254,1788449531627011000,1788451199960816000,1931.627011,3599.960816,1668.333805,108.04432509835765,False
book_ticker,2026-09-03 16:00:00+00:00,39612,1788451200010976000,1788454204671435000,0.010976,3004.671435,3004.660459,13.183519582503347,False
trade,2026-09-03 16:00:00+00:00,13284,1788451200052657000,1788454204313453000,0.052657,3004.313453,3004.260796,4.42171998439246,False
book_ticker,2026-09-03 17:00:00+00:00,26578,1788454990674523000,1788458046330308000,190.674523,3246.330308,3055.655785,8.697969231504915,False
trade,2026-09-03 17:00:00+00:00,8744,1788454990674707000,1788458046260553000,190.674707,3246.260553,3055.585846,2.861644359115807,False
book_ticker,2026-09-03 18:00:00+00:00,22613,1788458514345052000,1788461812613780000,114.345052,3412.61378,3298.268728,6.856021102232031,False
trade,2026-09-03 18:00:00+00:00,8034,1788458514344797000,1788461812473438000,114.344797,3412.473438,3298.128641,2.4359268162336063,False
book_ticker,2026-09-03 19:00:00+00:00,36844,1788462592523147000,1788465151648158000,592.523147,3151.648158,2559.125011,14.397108324771867,False
trade,2026-09-03 19:00:00+00:00,13752,1788462592523623000,1788465151559165000,592.523623,3151.559165,2559.035542,5.373899570481229,False
book_ticker,2026-09-03 20:00:00+00:00,22018,1788465938394097000,1788468562460893000,338.394097,2962.460893,2624.066796,8.390792503286566,False
trade,2026-09-03 20:00:00+00:00,7678,1788465938424320000,1788468562323393000,338.42432,2962.323393,2623.899073,2.926179622915702,False
book_ticker,2026-09-03 21:00:00+00:00,22204,1788469346454899000,1788472544482920000,146.454899,3344.48292,3198.028021,6.943028595808542,False
trade,2026-09-03 21:00:00+00:00,9723,1788469346543549000,1788472544317984000,146.543549,3344.317984,3197.774435,3.0405521707787373,False
book_ticker,2026-09-03 22:00:00+00:00,14991,1788473326496915000,1788475812437672000,526.496915,3012.437672,2485.940757,6.030312652378305,False
trade,2026-09-03 22:00:00+00:00,5747,1788473326935384000,1788475812437578000,526.935384,3012.437578,2485.502194,2.3122087817396633,False
book_ticker,2026-09-03 23:00:00+00:00,24700,1788476599257182000,1788479805765632000,199.257182,3405.765632,3206.50845,7.703082772166093,False
trade,2026-09-03 23:00:00+00:00,9794,1788476599256871000,1788479804965619000,199.256871,3404.965619,3205.708748,3.0551746181278476,False
book_ticker,2026-09-04 00:00:00+00:00,32423,1788480306440207000,1788482346691027000,306.440207,2346.691027,2040.25082,15.891673554136839,False
trade,2026-09-04 00:00:00+00:00,10838,1788480306440414000,1788482346590322000,306.440414,2346.590322,2040.149908,5.312354723298108,False
book_ticker,2026-09-04 02:00:00+00:00,75488,1788487692151051000,1788488844930398000,492.151051,1644.930398,1152.779347,65.48347712547977,False
trade,2026-09-04 02:00:00+00:00,25029,1788487692327522000,1788488844834657000,492.327522,1644.834657,1152.507135,21.717002211877844,False
book_ticker,2026-09-04 04:00:00+00:00,26877,1788497578585222000,1788497999909993000,3178.585222,3599.909993,421.324771,63.79164447466109,False
trade,2026-09-04 04:00:00+00:00,8047,1788497578976448000,1788497999910107000,3178.976448,3599.910107,420.933659,19.117026704676046,False
book_ticker,2026-09-04 05:00:00+00:00,198367,1788498000075348000,1788501546485208000,0.075348,3546.485208,3546.40986,55.93459521906472,True
trade,2026-09-04 05:00:00+00:00,58159,1788498000183247000,1788501545873890000,0.183247,3545.87389,3545.690643,16.402728228651053,True
book_ticker,2026-09-04 06:00:00+00:00,76952,1788501813471078000,1788502838405752000,213.471078,1238.405752,1024.934674,75.07990699512621,False
trade,2026-09-04 06:00:00+00:00,23343,1788501813725821000,1788502838405898000,213.725821,1238.405898,1024.680077,22.780768870165122,False
book_ticker,2026-09-04 12:00:00+00:00,815642,1788525200472838000,1788526799998178000,2000.472838,3599.998178,1599.52534,509.9275263747932,False
trade,2026-09-04 12:00:00+00:00,323257,1788525200551292000,1788526799955607000,2000.551292,3599.955607,1599.404315,202.1108715090593,False
book_ticker,2026-09-04 13:00:00+00:00,520633,1788526800000237000,1788530399994012000,0.000237,3599.994012,3599.993775,144.62052785077387,True
trade,2026-09-04 13:00:00+00:00,182198,1788526800024178000,1788530399984139000,0.024178,3599.984139,3599.959961,50.611118449603225,True
book_ticker,2026-09-04 14:00:00+00:00,1082362,1788530400034228000,1788533999999724000,0.034228,3599.999724,3599.965496,300.658992760524,True
trade,2026-09-04 14:00:00+00:00,369136,1788530400131282000,1788533999962647000,0.131282,3599.962647,3599.831365,102.54258118560506,True
book_ticker,2026-09-04 15:00:00+00:00,525238,1788534000007739000,1788537599951826000,0.007739,3599.951826,3599.944087,145.90171050064978,True
trade,2026-09-04 15:00:00+00:00,152438,1788534000119987000,1788537599952504000,0.119987,3599.952504,3599.832517,42.34585894763726,True
book_ticker,2026-09-04 16:00:00+00:00,193174,1788537600004646000,1788541012109219000,0.004646,3412.109219,3412.104573,56.614325811871886,False
trade,2026-09-04 16:00:00+00:00,60997,1788537600450671000,1788541011910215000,0.450671,3411.910215,3411.459544,17.880030295912547,False
book_ticker,2026-09-04 17:00:00+00:00,4464,1788542121202343000,1788544362184527000,921.202343,3162.184527,2240.982184,1.9919837078008649,False
trade,2026-09-04 17:00:00+00:00,1228,1788542121212679000,1788544362184671000,921.212679,3162.184671,2240.971992,0.5479765050093496,False
book_ticker,2026-09-04 18:00:00+00:00,3857,1788545389464987000,1788547834850372000,589.464987,3034.850372,2445.385385,1.5772565026596002,False
trade,2026-09-04 18:00:00+00:00,938,1788545390898456000,1788547834850220000,590.898456,3034.85022,2443.951764,0.3838046289689374,False
book_ticker,2026-09-04 19:00:00+00:00,1147,1788548826036260000,1788551145097844000,426.03626,2745.097844,2319.061584,0.4945966109367452,False
trade,2026-09-04 19:00:00+00:00,242,1788548826410872000,1788551145093377000,426.410872,2745.093377,2318.682505,0.10436961484729018,False
book_ticker,2026-09-04 20:00:00+00:00,865,1788552112586726000,1788554701701936000,112.586726,2701.701936,2589.11521,0.3340909653842712,False
trade,2026-09-04 20:00:00+00:00,103,1788552112587458000,1788554701636557000,112.587458,2701.636557,2589.049099,0.039782945808089526,False
book_ticker,2026-09-04 21:00:00+00:00,1815,1788555743223770000,1788558936265028000,143.22377,3336.265028,3193.041258,0.5684235978638269,False
trade,2026-09-04 21:00:00+00:00,1113,1788555743359494000,1788558935923965000,143.359494,3335.923965,3192.564471,0.34862256036175754,False
book_ticker,2026-09-04 22:00:00+00:00,1584,1788559972652371000,1788561904624326000,772.652371,2704.624326,1931.971955,0.8198876779243931,False
trade,2026-09-04 22:00:00+00:00,330,1788559974042943000,1788561903460055000,774.042943,2703.460055,1929.417112,0.17103611134552849,False
book_ticker,2026-09-04 23:00:00+00:00,469,1788562997102060000,1788565368928661000,197.10206,2568.928661,2371.826601,0.19773789525855814,False
trade,2026-09-04 23:00:00+00:00,111,1788562997172195000,1788565368793024000,197.172195,2568.793024,2371.620829,0.0468034344456333,False
book_ticker,2026-09-05 00:00:00+00:00,390,1788566431373127000,1788567857417742000,31.373127,1457.417742,1426.044615,0.2734837296798039,False
trade,2026-09-05 00:00:00+00:00,102,1788566431373500000,1788567857417594000,31.3735,1457.417594,1426.044094,0.07152654004820695,False
book_ticker,2026-09-05 11:00:00+00:00,16499,1788609166527314000,1788609599995136000,3166.527314,3599.995136,433.467822,38.06280227186045,False
trade,2026-09-05 11:00:00+00:00,6276,1788609166527233000,1788609599895884000,3166.527233,3599.895884,433.368651,14.481896615083032,False
book_ticker,2026-09-05 12:00:00+00:00,165738,1788609600004532000,1788613199615757000,0.004532,3599.615757,3599.611225,46.043305690602736,True
trade,2026-09-05 12:00:00+00:00,48453,1788609600365050000,1788613199615873000,0.36505,3599.615873,3599.250823,13.461968165812378,True
book_ticker,2026-09-05 13:00:00+00:00,169775,1788613200676785000,1788616799842626000,0.676785,3599.842626,3599.165841,47.170652173346184,True
trade,2026-09-05 13:00:00+00:00,64938,1788613200676903000,1788616799842563000,0.676903,3599.842563,3599.16566,18.0425148866307,True
book_ticker,2026-09-05 14:00:00+00:00,47269,1788616800050908000,1788619554077912000,0.050908,2754.077912,2754.027004,17.16359350556317,False
trade,2026-09-05 14:00:00+00:00,19340,1788616800462391000,1788619554065761000,0.462391,2754.065761,2753.60337,7.023524233993076,False
book_ticker,2026-09-05 15:00:00+00:00,6476,1788620543448940000,1788623654916950000,143.44894,3254.91695,3111.46801,2.0813326632916276,False
trade,2026-09-05 15:00:00+00:00,2127,1788620543448624000,1788623654916980000,143.448624,3254.91698,3111.468356,0.6836000745109297,False
book_ticker,2026-09-05 16:00:00+00:00,7615,1788624639009307000,1788627262619145000,639.009307,3262.619145,2623.609838,2.902489497373199,False
trade,2026-09-05 16:00:00+00:00,2034,1788624639009695000,1788627262462277000,639.009695,3262.462277,2623.452582,0.7753141848096113,False
book_ticker,2026-09-05 17:00:00+00:00,3313,1788628231308983000,1788628258479009000,631.308983,658.479009,27.170026,121.93584209304768,False
trade,2026-09-05 17:00:00+00:00,1214,1788628231318986000,1788628258071737000,631.318986,658.071737,26.752751,45.378510793151705,False
